Location,Type,Name
"40.685788085502544, -73.85306501365895",Spray Shower,London Planetree Playground
"40.87710413743773, -73.87706123466076",Spray Shower,Plgd w/ Mini Pool & Courts
"40.87762743575234, -73.87738572521785",Spray Shower,Williamsbridge Oval
"40.82568727692989, -73.95374995326786",Spray Shower,Riverbank Plgd
"40.83195303921325, -73.90760498723284",Spray Shower,Morgan Playground
"40.765194408933965, -73.9587213697007",Spray Shower,St. Catherine's Park
"40.725392047825984, -74.00257971959817",Spray Shower,Vesuvio Playground
"40.72563549362124, -74.002351827191603",Pool,Vesuvio Mini Pool
"40.87348920581894, -73.83897537170606",Spray Shower,Haffen Park Playground
"40.87444743038688, -73.839429932616369",Pool,Haffen Wading Pool
"40.8743013365522, -73.839375396743648",Pool,Haffen Pool
"40.810941129529816, -73.92296422198912",Spray Shower,Willis Playground
"40.71366297035393, -73.95436164012594",Spray Shower,Jaime Campiz Playground
"40.74299023303831, -73.96051025681285",Spray Shower,Hunter's Point South Park Playground North
"40.67310816014818, -73.8540787885418",Spray Shower,Addabbo Playground
"40.77379521039458, -73.94487699936123",Spray Shower,Catbird Playground
"40.85890697253519, -73.93447190407039",Spray Shower,Jacob Javits Plgd
"40.8652033355414, -73.92895740252253",Spray Shower,Anne Loftus Plgd
"40.85902139209035, -73.93494224368276",Spray Shower,Jacob Javits Playground
"40.86518687600201, -73.92907533233927",Spray Shower,Anne Loftus Playground
"40.78907263719222, -73.93802530663078",Spray Shower,East River Playground
"40.7161711119986, -74.00177945001256",Spray Shower,Collect Pond Park
"40.79731679517226, -73.93544251218898",Spray Shower,P.S. 155 Playground
"40.79917221464707, -73.96600104027475",Spray Shower,Bloomingdale Playground
"40.77760592750561, -73.98410192290625",Spray Shower,Matthew P. Sapolin Playground
"40.756472242724364, -73.87435676011154",Spray Shower,Northern Playground
"40.713263239364515, -73.75832491132806",Spray Shower,Haggerty Park
"40.73564403042009, -73.80546431050286",Spray Shower,Electric Playground
"40.76224937859905, -73.9357674709431",Spray Shower,Ravenswood Playground
"40.70570931786334, -73.89124844179898",Spray Shower,Mafera Park
"40.754766797813424, -73.92216161936533",Spray Shower,Playground Thirty Five XXXV
"40.75587494967773, -73.82609147065685",Spray Shower,Maple Playground
"40.73807935317718, -73.90204029570022",Spray Shower,Nathan Weidenbaum Playground
"40.739608038765354, -73.90262797225797",Spray Shower,Big Bush Playground
"40.69774664499044, -73.97875595851197",Spray Shower,Commodore Barry Park
"40.697893731333473, -73.978174965799383",Pool,Commodore Barry Pool
"40.697628324942187, -73.978221549083557",Pool,Commodore Barry Wading Pool
"40.75818084090734, -73.90032930150957",Spray Shower,St. Michael's Playground
"40.79673771913178, -73.96802914321887",Spray Shower,Frederick Douglass Playground
"40.796947056354782, -73.967487804744124",Pool,Frederick Douglass Mini Pool
"40.781805278590056, -73.97851850291877",Spray Shower,Tecumseh Playground
"40.72164855702886, -73.9961120348127",Spray Shower,DeSalvio Playground
"40.68341370710476, -73.80812297649148",Spray Shower,Frederick B. Judge Playground
"40.70031885112437, -73.75830316862167",Spray Shower,Daniel M. O'Connell Playground
"40.69964685900402, -73.81294517864434",Spray Shower,Howard Von Dohlen Playground
"40.71013763749472, -73.87366365068472",Spray Shower,Middle Village Playground
"40.74387309281434, -73.86154355766763",Spray Shower,Josephine Caminiti Playground
"40.81369374425864, -73.93870006392189",Spray Shower,Howard Bennett Playground
"40.829294077019384, -73.93597351003736",Spray Shower,Holcombe Rucker Park
"40.61210204835623, -73.91152113153085",Spray Shower,Lindower Park
"40.612462959919668, -73.91137099992315",Pool,Lindower Park Mini Pool
"40.765579385059894, -73.87080768756037",Spray Shower,East Elmhurst Playground
"40.792419545193766, -73.94964310898199",Spray Shower,Mae Grant Playground
"40.812226164283786, -73.94662456758026",Spray Shower,St. Nicholas Playground North
"40.81104596429452, -73.94725730509937",Spray Shower,St. Nicholas Playground South
"40.80641199446327, -73.935316265353",Spray Shower,Alice Kornegay Triangle
"40.8279339139981, -73.93987096455204",Spray Shower,Plgd One Fifty Two CLII
"40.8263766266127, -73.94097884977835",Spray Shower,"Playground One Forty Nine, CIL"
"40.82407026873399, -73.943106861827516",Pool,Jackie Robinson Pool
"40.80937702145136, -73.9384926874463",Spray Shower,Moore Playground
"40.801185557091024, -73.9628469298717",Spray Shower,Anibal Aviles Playground
"40.86259033509023, -73.92074256659562",Spray Shower,Monsignor Kett Playground
"40.711073823526995, -73.997108040723",Spray Shower,Alfred E. Smith Playground
"40.81486222095009, -73.955827149432736",Pool,Sheltering Arms Pool
"40.815024892848065, -73.955512776365737",Pool,Sheltering Arms Wading Pool
"40.784335206995465, -73.94616901070847",Spray Shower,Marx Brothers Playground
"40.81921072018363, -73.93553958259542",Spray Shower,Col. Young Playground
"40.80947296552479, -73.85668604158464",Spray Shower,Harding Park
"40.819086412073, -73.84954669876532",Spray Shower,Randall Playground
"40.701919441648357, -73.93984138673747",Pool,Bushwick Wading Pool
"40.702137631859657, -73.939583003598955",Pool,Bushwick Pool
"40.699278412569875, -73.94647188008058",Spray Shower,Charlie's Place
"40.66557757193611, -73.88617015255494",Spray Shower,Sankofa Park
"40.68860530737517, -73.96652304734125",Spray Shower,Underwood Park
"40.759059435792224, -73.99144662997071",Spray Shower,McCaffrey Playground
"40.763518442251126, -73.82442251365532",Spray Shower,Margaret I. Carman Green - Weeping Beech
"40.857305901611745, -73.89848043408038",Spray Shower,Slattery Playground
"40.65873120402365, -73.88665077921648",Spray Shower,Linden Park
"40.65818974042157, -73.88761388366885",Spray Shower,Linden Park Playground
"40.6203155463803, -73.93734505846271",Spray Shower,Sarsfield Playground
"40.72347948205571, -73.93719200618109",Spray Shower,Sgt. William Dougherty Playground
"40.671374740049174, -73.8944393083876",Spray Shower,Grace Playground
"40.681141876153966, -73.97354119951557",Spray Shower,Dean Playground
"40.85596102601181, -73.90726296827239",Spray Shower,Grand Playground
"40.855276486236725, -73.90510824911239",Spray Shower,Walton Park
"40.636531377674572, -73.920275424513292",Pool,Glenwood Houses Mini Pool
"40.88710086225272, -73.91654733767832",Spray Shower,Spuyten Duyvil Playground
"40.61367169060935, -74.09859284820381",Spray Shower,Terrace Playground
"40.85019735581255, -73.90950673720216",Spray Shower,Mount Hope Playground
"40.72985381094015, -74.00271447014036",Spray Shower,Downing Street Playground
"40.6974953173171, -73.91754470981427",Spray Shower,Hope Ballfield
"40.70869892598476, -73.96528708519504",Spray Shower,Epiphany Playground
"40.67861760845782, -73.89511315786808",Spray Shower,George Walker Jr. Park
"40.66845426463059, -73.90583186219149",Spray Shower,Carter G. Woodson Children's Park
"40.662246449975704, -73.90552205917562",Spray Shower,Nehemiah Park
"40.7019334615244, -73.93303455933612",Spray Shower,Green Central Knoll
"40.68438267584113, -74.0049048701894",Spray Shower,Mother Cabrini Park
"40.67404580107023, -73.8650913356637",Spray Shower,Robert E. Venable Park
"40.61886314946966, -73.9726387974758",Spray Shower,Friends Field
"40.674543698419534, -73.92895635287904",Spray Shower,Woods Playground
"40.67220442120033, -73.90507075795163",Spray Shower,Houston Playground
"40.66869400206271, -73.91184848382346",Spray Shower,Chester Playground
"40.64220789033601, -73.90776779277057",Spray Shower,Remsen Playground
"40.70268116178402, -73.94931898148451",Spray Shower,De Hostos Playground
"40.62242748181534, -73.90953459949192",Spray Shower,Bergen Beach Playground
"40.69124115979664, -73.950021185388437",Pool,Kosciuszko Pool
"40.69104371862673, -73.95035605599972",Pool,Kosciuszko Wading Pool
"40.67509503656166, -73.9623418259154",Spray Shower,Stroud Playground
"40.69447015330218, -73.94681939498072",Spray Shower,Willoughby Playground
"40.74775629740944, -73.85418176607834",Spray Shower,Corona Golf Playground
"40.65583208367245, -73.88675628646676",Spray Shower,Ethan Allen Playground
"40.64643895314284, -73.89913359247328",Spray Shower,100% Playground
"40.701094232957196, -73.93831175459202",Spray Shower,Garden Playground
"40.57682283577766, -73.97033285659148",Spray Shower,Century Playground
"40.700601661481436, -73.92831581308064",Spray Shower,Fermi Playground
"40.68610778754173, -73.91075895703713",Spray Shower,Evergreen Playground
"40.620102814500754, -73.91211192450979",Spray Shower,Hickman Playground
"40.67817037510417, -73.9144452348261",Spray Shower,Fish Playground
"40.624686427889756, -73.9192762406306",Spray Shower,Jacob Joffe Fields
"40.68560259786108, -73.94613938998262",Spray Shower,Hattie Carthan Playground
"40.69351018760061, -73.94199127242567",Spray Shower,Pulaski Playground
"40.874270751933, -73.87773386211101",Spray Shower,Whalen Playground
"40.689188152838646, -73.97153486733266",Spray Shower,Edmonds Playground
"40.6768333837152, -73.97855123162435",Spray Shower,Park Slope Playground
"40.63253276703259, -73.97712903932351",Spray Shower,DiGilio Playground
"40.588936716290654, -73.80545306530631",Spray Shower,Beach Channel Playground
"40.68266383408713, -73.93081283932115",Spray Shower,El Shabazz Playground
"40.66665140292389, -73.86257987880555",Spray Shower,Pink Playground
"40.68802402108317, -73.91099154424035",Spray Shower,Tiger Playground
"40.59064053267851, -73.9383364650308",Spray Shower,Playground 286
"40.658561250642194, -73.92187894269391",Spray Shower,Kennedy King Playground
"40.686434444550244, -73.96585133725415",Spray Shower,Greene Playground
"40.69386091148209, -73.9717165084844",Spray Shower,Oracle Playground
"40.5760937477803, -73.97913102915295",Spray Shower,Luna Playground
"40.697826336837124, -73.97639912484692",Spray Shower,Oxport Playground
"40.68926178390397, -73.96050324898725",Spray Shower,Classon Playground
"40.692460309035134, -73.96234171694722",Spray Shower,Pratt Playground
"40.66129006635922, -73.98947409789425",Spray Shower,Slope Park Playground
"40.6430910790835, -73.92331328714874",Spray Shower,Harry Maze Playground
"40.61926703499531, -74.01434997468297",Spray Shower,Patrick O'Rourke Playground
"40.812754710894644, -73.91313499413923",Spray Shower,St Mary's Playground West
"40.811508366100774, -73.914210237568753",Pool,St. Mary's Pool
"40.60219709866959, -74.00235792929291",Spray Shower,Benson Playground
"40.5824819846225, -73.96456944132588",Spray Shower,Grady Playground
"40.63488183593251, -73.88746265908841",Spray Shower,Bayview Playground
"40.64904500678636, -73.91372190456843",Spray Shower,Railroad Playground
"40.65652515935905, -73.95462057888598",Spray Shower,Winthrop Playground
"40.6915607711365, -73.95780198708555",Spray Shower,Star Spangled Playground
"40.64054463907073, -74.01106490658762",Spray Shower,Rainbow Playground
"40.69727573052561, -73.94275920794006",Spray Shower,Sumner Playground
"40.681879888712366, -73.94421514526692",Spray Shower,Potomac Playground
"40.67169048111837, -73.90773452067323",Spray Shower,Howard Playground
"40.658569520103505, -73.94419925957446",Spray Shower,Wingate Park
"40.586659824236456, -73.96998461194815",Spray Shower,West Playground
"40.63837098077167, -73.94776986254378",Spray Shower,Nostrand Playground
"40.600560243353335, -73.97210105307374",Spray Shower,McDonald Playground
"40.59829389010035, -73.93963388566318",Spray Shower,Herman Dolgon Playground
"40.6477837266722, -73.93129818752985",Spray Shower,Tilden Playground
"40.68458405391702, -73.98786677693003",Spray Shower,Nicholas Naquan Heyward Jr. Park
"40.71479012772632, -73.98922815913278",Spray Shower,Seward Park
"40.67888666645144, -73.94177869181958",Spray Shower,St. Andrew's Playground
"40.68804259303831, -73.92549124900191",Spray Shower,P.O. Reinaldo Salgado Playground
"40.7572451043182, -73.933249074114",Spray Shower,Dutch Kills Playground
"40.72183924582231, -73.8240587043992",Spray Shower,Queens Valley Playground
"40.84562877804659, -73.91352709389545",Spray Shower,Jennie Jerome Playground
"40.68187452139989, -73.8394934206683",Spray Shower,Police Officer Nicholas Demutiis Park
"40.65997628542828, -73.76254872455642",Spray Shower,Springfield Playground
"40.700664373735556, -73.99492422981635",Spray Shower,Harry Chapin Playground
"40.68070143509815, -74.0020172550973",Spray Shower,Dimattina Playground
"40.61464498142643, -73.94505200280757",Spray Shower,Pfc Norton Playground
"40.63256992485332, -73.9296689482588",Spray Shower,Sunners Playground
"40.59698660653505, -73.95744721993017",Spray Shower,Mellett Playground
"40.66256640670984, -73.94096520005296",Spray Shower,Hamilton Metz Field
"40.62641663269216, -74.03603183935516",Spray Shower,Russell Pedersen Playground
"40.71043604878339, -73.95986126982164",Spray Shower,La Guardia Playground
"40.68224018372632, -73.95474563257817",Spray Shower,John Hancock Playground
"40.665890190408334, -73.95902323890431",Spray Shower,Jackie Robinson Playground
"40.71256621638547, -73.96343534740738",Spray Shower,Berry Playground
"40.680118631437836, -73.98472832847197",Spray Shower,Thomas Greene Playground
"40.680281345861637, -73.985728191119463",Pool,Douglas and DeGraw Wading Pool
"40.680551690060703, -73.985961606122515",Pool,Douglas and DeGraw Pool
"40.70847538399908, -73.963936721502",Spray Shower,Bedford Playground
"40.619921269385564, -74.16310571638053",Spray Shower,Jennifer's Playground
"40.6437077682074, -74.0800529084954",Spray Shower,Lt. Lia Playground
"40.505691848180852, -74.23533022023291",Pool,Tottenville Pool
"40.505540191395411, -74.235536474741394",Pool,Tottenville Wading Pool
"40.63877843376701, -74.11796325483037",Spray Shower,Corporal Thompson Playground
"40.637234466536469, -74.11905146297984",Pool,West Brighton Wading Pool
"40.637234968357916, -74.119448069557308",Pool,West Brighton Pool
"40.69556297130121, -73.9502816056643",Spray Shower,Marcy Playground
"40.63997219881854, -74.02388094918807",Spray Shower,John Allen Payne Playground
"40.5519853564193, -74.1359068208383",Spray Shower,Greencroft Playground
"40.58268389104259, -74.0894286830263",Spray Shower,Dongan Playground
"40.5226037447729, -74.18609146795559",Spray Shower,E.M.T. Christopher J. Prescott Playground
"40.62347935330908, -74.14589143257355",Spray Shower,Markham Playground
"40.68156817613866, -73.95917367746301",Spray Shower,Crispus Attucks Playground
"40.88099399630146, -73.9008721439935",Spray Shower,Bailey Playground
"40.80439033666381, -73.91674548488072",Spray Shower,Millbrook Playground
"40.88766205222607, -73.85890974043599",Spray Shower,Rienzi Playground
"40.874671938478684, -73.8652042987846",Spray Shower,Gun Hill Playground
"40.87341264561427, -73.86795477413321",Spray Shower,Magenta Playground
"40.76179374864573, -73.8841029826577",Spray Shower,Gorman Playground
"40.69728373770302, -73.94867376733984",Spray Shower,Stockton Playground
"40.74426715005784, -73.88675435822921",Spray Shower,Frank D. O'Connor Playground
"40.6459075601492, -73.98053136168156",Spray Shower,Albemarle Playground
"40.691372463153385, -73.93239338892906",Spray Shower,Jesse Owens Playground
"40.69185680216453, -73.932171019653481",Pool,JHS 57 / HS 26 Mini Pool
"40.711775698629374, -73.9795128099929",Spray Shower,Corlears Hook Park
"40.86384708344057, -73.90472640778148",Spray Shower,Devoe Park
"40.63286603788186, -73.92400610312272",Spray Shower,Fox Playground
"40.632802874693837, -73.923781854913514",Pool,David Fox / PS 251 Mini Pool
"40.760725686994455, -73.91844990760963",Spray Shower,Sean's Place
"40.76777981616792, -73.92281244840655",Spray Shower,Athens Square
"40.76133295170154, -73.94115449838118",Spray Shower,Spirit Playground
"40.78237817904395, -73.77759301102549",Spray Shower,Bay Terrace Playground
"40.70451083143061, -73.9043227844721",Spray Shower,Rosemary's Playground
"40.765913107067426, -73.79416037201037",Spray Shower,Auburndale Playground
"40.59568062339687, -73.78039698252728",Spray Shower,Conch Playground
"40.71550693104086, -73.80130311254517",Spray Shower,Joseph Austin Playground
"40.78309555925037, -73.80675906343993",Spray Shower,Clintonville Playground
"40.5850472878382, -73.82476621916537",Spray Shower,Bayside Playground
"40.7606808674308, -73.784148518181",Spray Shower,Francis Lewis Playground
"40.68169265132197, -73.85683973071545",Spray Shower,Ampere Playground
"40.73308777990354, -73.86053223207065",Spray Shower,Horace Harding Playground
"40.58065545692719, -73.8306295977546",Spray Shower,Seaside Playground
"40.65718326348871, -73.84362190112945",Spray Shower,Walter Ward Playground
"40.77416506367693, -73.81941883438701",Spray Shower,Hart Playground
"40.66474779420802, -73.85060220641984",Spray Shower,Harold Schneiderman Playground
"40.70660035914789, -73.75308186282398",Spray Shower,Hollis Playground
"40.69869997714007, -73.7397436638215",Spray Shower,East Springfield Playground
"40.69645659290071, -73.78586289442758",Spray Shower,Latimer Playground
"40.753274347595024, -73.7593744685897",Spray Shower,Oakland Gardens
"40.73247662752374, -73.7318856031375",Spray Shower,Detective William T. Gunn Playground
"40.72620323174084, -73.80824324934474",Spray Shower,Playground Seventy Five
"40.59954392559245, -73.75937966910686",Spray Shower,Grassmere Playground
"40.72402318933508, -73.85157796265295",Spray Shower,Russell Sage Playground
"40.77058669106467, -73.92831281393822",Spray Shower,Van Alst Playground
"40.72987170248984, -73.81597568875571",Spray Shower,Vleigh Playground
"40.71959111761439, -73.98412818321617",Spray Shower,Nathan Straus Playground
"40.721518603848395, -73.75810111049559",Spray Shower,Bellaire Playground
"40.73114874748305, -73.8515019322949",Spray Shower,Annadale Playground
"40.745031914713785, -73.70944228149885",Spray Shower,Playground Eighty LXXX
"40.74650525548998, -73.75814697011853",Spray Shower,Tall Oak Playground
"40.770952867988925, -73.73747301938",Spray Shower,Admiral (Sy Seplowe) Playground
"40.747725863782975, -73.77617233886423",Spray Shower,Saul Weprin Playground
"40.76182834966819, -73.73550101722589",Spray Shower,Louis Pasteur Park
"40.740806856630655, -73.71288759216509",Spray Shower,Hillside Playground
"40.74265874975266, -73.80825020023015",Spray Shower,Four Winds Playground
"40.749578632078155, -73.80729910468214",Spray Shower,Playground
"40.758163781263264, -73.83132143283035",Spray Shower,Bland Playground
"40.70918810796571, -73.78162284858729",Spray Shower,Harvard Playground
"40.652689816836194, -73.73650323141727",Spray Shower,Sunrise Playground
"40.696120066727644, -73.96104496046154",Spray Shower,Taaffe Playground
"40.61911977007965, -73.9985122840444",Spray Shower,Lt. Joseph Petrosino Park
"40.64559803526111, -74.01958914135014",Spray Shower,Martin Luther Playground
"40.670777762300865, -73.99372192947746",Spray Shower,Ennis Playground
"40.604151672555375, -73.95783759460441",Spray Shower,Kelly Park Playground
"40.509589746199154, -74.22976739444746",Spray Shower,Aesop Park
"40.82326595454201, -73.85041114877994",Spray Shower,P.O. Serrano Playground
"40.67391256010607, -73.94330514552647",Spray Shower,Brower Park
"40.763106861807586, -73.89223437689381",Spray Shower,Louis C. Moser Playground
"40.74731167830565, -73.92211784416969",Spray Shower,Torsney Playground
"40.77280249419437, -73.89744608049097",Spray Shower,Paul Raimonda Playground
"40.6083589427539, -73.7647027826223",Spray Shower,Westbourne Playground
"40.76785059769342, -73.93265732648007",Spray Shower,Astoria Health Playground
"40.741100228023704, -73.92248063603873",Spray Shower,L/CPL Thomas P. Noonan Jr. Playground
"40.707077317590624, -73.89825839931856",Spray Shower,Benninger Playground
"40.74888372256713, -73.86195276038599",Spray Shower,Park Of The Americas
"40.704114700608145, -73.80346028369424",Spray Shower,Rufus King Park Playground
"40.74259064264609, -73.87774474852141",Spray Shower,Veterans Grove
"40.60914512015602, -73.99996472790703",Spray Shower,Garibaldi Playground
"40.67278146382129, -73.98411344339972",Spray Shower,J.J. Byrne Playground
"40.684980583583744, -73.91945255182158",Spray Shower,Saratoga Park
"40.70582971858571, -73.94696120251419",Spray Shower,Sternberg Park
"40.664812182685736, -73.95227313299942",Spray Shower,Dodger Playground
"40.83591346408481, -73.90011726816063",Spray Shower,Playground Of The Stars
"40.83664344290318, -73.8943410029082",Spray Shower,Carter Plgd (7)
"40.840881232801195, -73.8974700598236",Spray Shower,Bathgate Playground
"40.83955215845824, -73.898506084456372",Pool,Crotona Pool
"40.82993973367064, -73.84779796244187",Spray Shower,Havemeyer Playground
"40.67769710934505, -73.88429892699308",Spray Shower,Sperandeo Brothers Playground
"40.561976700819926, -74.11135502956398",Spray Shower,Gerard P. Dugan Playground
"40.83438818097336, -73.86198322451071",Spray Shower,Virginia Playground
"40.83534447289618, -73.88519946857204",Spray Shower,Rock Garden Park
"40.833275159832716, -73.90311097750663",Spray Shower,Drew Playground
"40.64362339086089, -74.08609225458208",Spray Shower,Mahoney Playground
"40.789774109445375, -73.96877342263316",Spray Shower,Sol Bloom Playground
"40.82309022284661, -73.88809509459794",Spray Shower,Lyons Square Park
"40.852393506022274, -73.83495722378636",Spray Shower,Colucci Playground
"40.82384792110407, -73.88160483376322",Spray Shower,Colgate Close
"40.81987181062688, -73.9088421997855",Spray Shower,Grove Hill Playground
"40.80778989816033, -73.92518030236953",Spray Shower,Lozada Playground
"40.82978123259572, -73.95233679770527",Spray Shower,Ten Mile River Plgd
"40.81756056306335, -73.92839481022412",Spray Shower,Evelina Antonetty Playground
"40.813846673006836, -73.92129660222861",Spray Shower,Clark Playground
"40.80886535012578, -73.91909422378289",Spray Shower,Saw Mill Playground
"40.8025440366091, -73.91693827983893",Spray Shower,Playground One Thirty Four CXXXIV
"40.586580457886114, -74.10022752768143",Spray Shower,Gen. Douglas MacArthur Park
"40.585861500658552, -74.100690483614684",Pool,General Douglas MacArthur Mini Pool
"40.888330763529645, -73.84082226996814",Spray Shower,High Rock Plgd
"40.88397910480413, -73.84511601211138",Spray Shower,Edenwald Playground
"40.884274415628262, -73.845372879665746",Pool,Edenwald Houses Mini Pool
"40.710793131049925, -73.9938242898892",Spray Shower,Coleman Playground
"40.58915275412117, -73.78916442161875",Spray Shower,Beach 59th St Playground
"40.72476653908332, -73.89532928014273",Spray Shower,Frontera Park
"40.742141940089525, -73.88239704521078",Spray Shower,Moore Homestead Playground
"40.7295607258946, -73.87961383747465",Spray Shower,Crowley Playground
"40.86284995767431, -73.83655568246914",Spray Shower,Burns Playground
"40.86986887577593, -73.8527268093467",Spray Shower,Eastchester Playground
"40.86616118853491, -73.86873905840125",Spray Shower,Zimmerman Playground
"40.86868216338805, -73.86789883890222",Spray Shower,Parkside Playground
"40.847074087010505, -73.86164338526746",Spray Shower,Matthews Muliner Playground
"40.838708126463956, -73.84580960596865",Spray Shower,The Pearly Gates
"40.73877091483733, -73.75648270490836",Spray Shower,Telephone Playground
"40.692109380779954, -73.99896119001853",Spray Shower,Adam Yauch Park Playground
"40.6739824766685, -73.93574572996243",Spray Shower,St. John's Playground
"40.674019455255667, -73.934999967736161",Pool,St John's Pool
"40.74731842433079, -73.94871919599255",Spray Shower,Murray Playground
"40.69430885339083, -73.8221163928735",Spray Shower,"Phil ""Scooter"" Rizzuto Park"
"40.718571098630626, -73.88271049129773",Spray Shower,Juniper South Playground
"40.754862487966854, -73.87207725581155",Spray Shower,Junction Playground
"40.74756755456766, -73.91022613531416",Spray Shower,Lawrence Virgilio Playground
"40.747543528131963, -73.910803337442232",Pool,Windmuller Mini Pool
"40.71154182103574, -73.91111765473283",Spray Shower,Grover Cleveland Playground
"40.676665719785525, -73.96571997153478",Spray Shower,Underhill Playground
"40.67127294012066, -73.90482748554767",Spray Shower,Powell Playground
"40.675582359802185, -73.91973286051025",Spray Shower,South Pacific Playground
"40.63699664813112, -74.00099896292711",Spray Shower,Rappaport Playground
"40.63831475005245, -73.98037428109647",Spray Shower,Dome Playground
"40.62007558872262, -73.95800759867898",Spray Shower,Kolbert Playground
"40.655813047506975, -73.9475420232689",Spray Shower,Rolph Henry Playground
"40.6744279308918, -73.91218575046311",Spray Shower,Ocean Hill Playground
"40.68688863856228, -73.98126006652485",Spray Shower,Sixteen Sycamores Playground
"40.70586854841263, -73.93462981654584",Spray Shower,Gilbert Ramirez Park
"40.61018964305993, -73.9686917153861",Spray Shower,Colonel David Marcus Playground
"40.63823037633433, -73.93815316601253",Spray Shower,Paerdegat Park
"40.68638591892233, -73.93923458232592",Spray Shower,Raymond Bush Playground
"40.536990144493274, -74.16223208124129",Spray Shower,Lieutenant John H. Martinson Playground
"40.76149475683496, -73.9892527136307",Spray Shower,Ramon Aponte Park
"40.82307915506861, -73.95128561178713",Spray Shower,Alexander Hamilton Playground
"40.85947121889019, -73.8931166084986",Spray Shower,Webster Playground
"40.73907115964852, -74.0047936708032",Spray Shower,Corporal John A. Seravalli Playground
"40.78534705228558, -73.95082672189109",Spray Shower,Samuel Seabury Playground
"40.771243889089156, -73.90753475416604",Spray Shower,Ditmars Playground
"40.72305285177855, -73.82015747796925",Spray Shower,Freedom Square Playground
"40.688621338758374, -73.74224408950366",Spray Shower,Cambria Playground
"40.718584232076104, -73.82060674135342",Spray Shower,Judge Moses Weinstein Playground
"40.777392218261376, -73.90250492745108",Spray Shower,Woodtree Playground
"40.71581495042477, -73.83722389393118",Spray Shower,Ehrenreich-Austin Playground
"40.710370707737255, -73.82031712954759",Spray Shower,Hoover - Manton Playgrounds
"40.67454540037742, -73.80100684672097",Spray Shower,Playground One Forty
"40.69045918373075, -73.80904228029966",Spray Shower,Norelli-Hargreaves Playground
"40.7489223000933, -73.89738398175744",Spray Shower,General Hart Playground
"40.71424501849821, -73.98390589528023",Spray Shower,Sol Lain Plgd
"40.831672761350255, -73.94174877558117",Spray Shower,Wright Brothers Playground
"40.547030870707395, -74.15179768725",Spray Shower,Great Kills Veterans Playground
"40.69840820368421, -73.98934976139337",Spray Shower,Walt Whitman Park
"40.67101710910516, -73.87119211359554",Spray Shower,Cypress Hills Playground
"40.518329955081505, -74.18705050073048",Beach,Wolfe's Pond Park
"40.63819044000696, -73.8977746966829",Spray Shower,Sledge Playground
"40.60869014546541, -74.11957806824343",Spray Shower,Christopher J. Igneri Playground
"40.614848654815006, -74.07365597121883",Spray Shower,De Matti Park
"40.639409340107896, -74.03083228574486",Spray Shower,Owls Head Park
"40.6928028676261, -73.90885821901487",Spray Shower,Irving Square Park
"40.58940216040373, -74.18700645611136",Spray Shower,Schmul Park
"40.607579822465716, -74.06313632206827",Spray Shower,White Park
"40.607396512678726, -74.06297959109003",Spray Shower,White Park Playground
"40.63384100817704, -74.12899312134802",Spray Shower,Levy Playground
"40.62360300438768, -73.98419454429366",Spray Shower,Gravesend Park
"40.69235477245243, -73.97705469619797",Spray Shower,Fort Greene Plgd
"40.69011616336626, -73.97360932595323",Spray Shower,Fort Greene Park
"40.837495623944235, -73.8536681708743",Spray Shower,Caserta Playground
"40.68569498845992, -73.97204451800135",Spray Shower,Cuyler Gore Park
"40.71585257942299, -73.93724000264929",Spray Shower,Cooper Park
"40.715897632563276, -73.93763549871736",Spray Shower,Carnegie Plgd
"40.70053782562448, -73.95543128838344",Spray Shower,Middleton Playground
"40.701876700875744, -73.78379391784722",Spray Shower,K.l. Williams Playground (Tennis)
"40.701631612566139, -73.784087645009734",Pool,Liberty Pool
"40.701818291988339, -73.784148161321838",Pool,Liberty Wading Pool
"40.71873424524763, -73.9020775073679",Spray Shower,Reiff Playground
"40.72721013575492, -73.90414217511425",Spray Shower,Virginia Principe Playground
"40.725542488771644, -73.76629062337032",Spray Shower,McLaughlin Playground
"40.66556313878718, -73.82149646576804",Spray Shower,Lefferts Playground
"40.69531090945508, -73.96659099968511",Spray Shower,Washington Hall Park
"40.67969561253863, -73.9311180085976",Spray Shower,Elizabeth Stroud Playground
"40.73281605269032, -73.87146011523394",Spray Shower,Hoffman Park
"40.85123612874337, -73.91438073978813",Spray Shower,Morton Playground
"40.85125739396524, -73.91431781304013",Spray Shower,Morton Plgd
"40.66208156717394, -73.74205797744473",Spray Shower,Brookville Park Playground
"40.586100195131024, -73.95729161417243",Spray Shower,Homecrest Playground
"40.66619017520827, -73.8809893947958",Spray Shower,Elton Playground
"40.61148666852646, -74.08505419557865",Spray Shower,Lopez Playground
"40.68093341832827, -73.99495765040187",Spray Shower,Carroll Park
"40.771764348283824, -73.91701906323445",Spray Shower,Hoyt Playground
"40.67067423632641, -73.7360844208761",Spray Shower,Laurelton Playground
"40.72086134668607, -73.94954041342436",Spray Shower,Vincent V Abate Playground
"40.72060653723652, -73.949704366865774",Pool,McCarren Park Pool
"40.77411555080651, -73.92241240793082",Spray Shower,Triborough Bridge Playground C
"40.77466769889531, -73.92333956577215",Spray Shower,Triborough Bridge Playground B
"40.69612706661946, -73.91164408478521",Spray Shower,Bushwick Playground
"40.66610712395229, -73.88037103564025",Spray Shower,Linwood Playground
"40.81768438765589, -73.87069209507843",Spray Shower,Soundview Park
"40.69717756752688, -73.89645222498879",Spray Shower,Evergreen Park
"40.70279672774583, -73.92423620861032",Spray Shower,Maria Hernandez Park Playground
"40.792664652338544, -73.94284293024013",Spray Shower,Poor Richard's Playground
"40.714689677245744, -74.00006063551629",Spray Shower,Columbus Park
"40.74969981664737, -74.00061242105646",Spray Shower,Chelsea Park
"40.54136802102857, -74.14271076865224",Spray Shower,Seaside Wildlife Nature Playground
"40.689789601338056, -73.99949722055521",Spray Shower,Van Voorhees Playground
"40.637373563214211, -74.074486803528487",Pool,Lyons Pool
"40.81994998246723, -73.82608186323692",Spray Shower,Ferry Point Park Playground
"40.836843347594574, -73.87194911492213",Spray Shower,Noble Playground
"40.829146912160056, -73.86913061069961",Spray Shower,Watson Gleason Playground
"40.58828223220934, -73.80958531423664",Spray Shower,Hammel Playground
"40.75476956740561, -73.85567509582947",Spray Shower,Louis Armstrong Playground
"40.86819143588389, -73.79255630919559",Beach,Orchard Beach North
"40.86803125001653, -73.7934366623016",Beach,Pelican Bay Plgd
"40.848236631650444, -73.82563747914581",Beach,Playground For All Children
"40.85122291411958, -73.8261889707186",Beach,Sweetgum Plgd
"40.77007939053767, -73.82680766147898",Spray Shower,Colden Playground
"40.757004675863186, -73.7281151479484",Spray Shower,Challenge Playground
"40.741247839530224, -73.86019997587977",Spray Shower,Simeone Park
"40.73064209725441, -73.8061863561756",Spray Shower,Emerald Playground
"40.874966303719695, -73.89201288517182",Spray Shower,Harris Park Playground
"40.74332755301353, -73.95480319973015",Spray Shower,Andrews Grove
"40.639260205777234, -74.08979007247339",Spray Shower,Skyline Playground
"40.715351895563174, -73.96387556611279",Spray Shower,William Sheridan Playground
"40.76923883565362, -73.94948322669356",Spray Shower,John Jay Park
"40.76956820113714, -73.949088381082447",Pool,John Jay Diving Pool
"40.769286856807305, -73.949065961359068",Pool,John Jay Pool
"40.79339012061636, -73.93399746901522",Spray Shower,Thomas Jefferson Park Playground
"40.793668696055413, -73.936498480890435",Pool,Thomas Jefferson Wading Pool
"40.793333487668292, -73.936399140717072",Pool,Thomas Jefferson Pool
"40.843236522009185, -73.8906088974397",Spray Shower,Prospect Playground
"40.73072573073013, -73.79277632058299",Spray Shower,Utopia Playground
"40.78248469211243, -73.82379965754986",Spray Shower,Harvey Playground
"40.8059804587717, -73.94370012850086",Spray Shower,Marcus Garvey Memorial Park
"40.8038080398771, -73.94274004140237",Spray Shower,Marcus Garvey Park Zone 2
"40.805296485963737, -73.943661334822508",Pool,Marcus Garvey Pool
"40.8525885088168, -73.90541732618372",Spray Shower,Mount Hope Garden
"40.855012030264575, -73.90763518381551",Spray Shower,Davidson Playground
"40.84869544636108, -73.91562772706773",Spray Shower,Galileo Playground
"40.83602213066526, -73.91401920448912",Spray Shower,Grant Park
"40.83986168051631, -73.94778272366871",Spray Shower,Discovery Playground
"40.83877764559448, -73.9461799661203",Spray Shower,Lily Brown Playground
"40.57525715661607, -73.97215485388675",Spray Shower,Asser Levy Playground
"40.825306669844295, -73.90120404902363",Spray Shower,Behagen Playground
"40.82685320783985, -73.89763915187662",Spray Shower,Rev J Polite Playground
"40.74165486460973, -74.00200768134239",Spray Shower,Dr. Gertrude B. Kelly Playground
"40.71563309341482, -73.98145415513977",Spray Shower,Luther Gulick Park
"40.77119654070978, -73.98858485445673",Spray Shower,Gertrude Ederle Recreation Center
"40.771443024798863, -73.988899916317635",Pool,Gertrude Ederle Pool
"40.85619527300234, -73.89485139492618",Spray Shower,Thorpe Family Playground
"40.77096701827128, -73.77128800224897",Spray Shower,Buz O'Rourke Playground
"40.82412121958411, -73.89769156922",Spray Shower,Horseshoe Playground
"40.85470412797269, -73.90393684859455",Spray Shower,Mabel Hampton Playground
"40.8137631332101, -73.95082373612944",Spray Shower,St Nicholas
"40.82050780968413, -73.94678046983483",Spray Shower,Arlington Edinboro Playground
"40.79338084506551, -73.8514543197801",Spray Shower,MacNeil Playground
"40.72686549882464, -73.98256605931677",Spray Shower,Tompkins Square Park
"40.726850108480797, -73.98102961490892",Pool,Tompkins Square Mini Pool
"40.62018953649013, -73.89913855332742",Spray Shower,McGuire Fields Tot Lot
"40.597211352841605, -73.99969698868105",Spray Shower,Bensonhurst Park Playground
"40.822668319296525, -73.94000700895667",Spray Shower,Robert L. Clinkscales Playground and Community Garden
"40.77102149404946, -73.77946700461274",Spray Shower,Kennedy Playground
"40.80686174289309, -73.95777654083474",Spray Shower,Morningside Plgd
"40.805372902891165, -73.95963663679571",Spray Shower,Morningside Park Zone 4
"40.80983769738324, -73.95594091113202",Spray Shower,Playground 123
"40.65063092685418, -73.97669580074452",Spray Shower,Greenwood Playground
"40.63078341201957, -73.89290093019777",Spray Shower,Dinapoli Plgd
"40.626732376732704, -73.89963839168932",Spray Shower,Canarsie Playground
"40.63078038429639, -73.892894942365",Spray Shower,Dinapoli Playground
"40.67881851824935, -73.87408810059779",Spray Shower,City Line Park
"40.78710524487739, -73.93917623328643",Spray Shower,Playground 103 CIII
"40.817975753074755, -73.90693035322968",Spray Shower,Captain Rivera Playground
"40.90354180342056, -73.89561425880821",Spray Shower,Northwest Playground
"40.88390378637269, -73.8816573734718",Spray Shower,Sachkerah Woods Playground
"40.90013325380817, -73.87213963826916",Spray Shower,Woodlawn Playground
"40.889079803156285, -73.89804568161608",Spray Shower,Van Cortlandt Park Stadium
"40.8851555025034, -73.89039982658024",Spray Shower,Van Cortlandt Classic Plgd
"40.90309545274639, -73.89526143070569",Spray Shower,Van Cortlandt Tot Lot
"40.88666105563414, -73.89802192980362",Spray Shower,Southwest Plgd
"40.889999835315457, -73.896681906108128",Pool,Van Cortlandt Wading Pool
"40.889824510422308, -73.89635712834577",Pool,Van Cortlandt Pool
"40.82918882187297, -73.94425772623569",Spray Shower,Carmansville Playground
"40.721357320028396, -73.9917345611582",Spray Shower,Rivington St Plgd
"40.717393002184615, -73.99376600633718",Spray Shower,Hester St Plgd
"40.719631710639426, -73.99261426125398",Spray Shower,Sara D. Roosevelt Park
"40.72284950772821, -73.99097097983947",Spray Shower,Houston St Plgd
"40.880516177753485, -73.86137501748614",Spray Shower,Agnes Haywood Playground
"40.593543745967956, -73.79468426389245",Spray Shower,Almeda Playground
"40.74191846492128, -73.97830516990624",Spray Shower,Vincent F. Albano Jr. Playground
"40.672752715663066, -73.909005082851621",Pool,Howard Pool
"40.672615039095291, -73.909191574571807",Pool,Howard Wading Pool
"40.680776218484, -73.92281295180011",Spray Shower,Brevoort Playground
"40.66468215822832, -73.90417080201017",Spray Shower,Van Dyke Playground
"40.652517036366824, -73.89250624654063",Spray Shower,Breukelen Ballfields
"40.630780381854365, -74.16485279726498",Spray Shower,The Big Park
"40.68975342507566, -73.95750656646261",Spray Shower,Lafayette Gardens Playground
"40.801998903331672, -73.933024327844777",Pool,Wagner Wading Pool
"40.802103076918904, -73.933349468111487",Pool,Wagner Pool
"40.7019930393567, -74.01430695414612",Spray Shower,Battery Park Playground
"40.60876869856769, -73.98599110578108",Spray Shower,Seth Low Playground/ Bealin Square
"40.865962867238615, -73.89819007785471",Spray Shower,St James Park Playground
"40.69306626914047, -73.79607954556839",Spray Shower,Marconi Park
"40.8486392087036, -73.85198211937045",Spray Shower,Loreto Playground
"40.79735786106587, -73.94219384718942",Spray Shower,James Weldon Johnson Playground
"40.868022465066694, -73.84200258346132",Spray Shower,Angelo Campanaro Plgd
"40.73025381901607, -73.88539248127168",Spray Shower,Elmhurst Park
"40.71709074299305, -74.01155332427624",Spray Shower,Washington Market Park
"40.792222504367821, -73.774610022252546",Pool,Totten Pool
"40.792396359603451, -73.774580336981458",Pool,Totten Wading Pool
"40.84483607657, -73.91382026830415",Spray Shower,Jerome Playground South
"40.815551175663785, -73.93773378860868",Spray Shower,William McCray Playground
"40.88542532702778, -73.83953906884204",Spray Shower,Stars & Stripes Playground
"40.87140615580755, -73.89798917087693",Spray Shower,Strong Street Playground
"40.87466414520804, -73.90085322643156",Spray Shower,Fort #4 Playground
"40.871363942120304, -73.89804049066926",Spray Shower,Strong Street Plgd
"40.75900627741499, -73.869408883661208",Pool,Fisher Pool
"40.758901924298975, -73.869643609323788",Pool,Fisher Wading Pool
"40.75945639666274, -73.95866697211736",Spray Shower,Twenty-Four Sycamores Park
"40.779327943345706, -73.94419565624266",Spray Shower,DeKovats Playground
"40.70979087901644, -73.95595647482972",Spray Shower,Rodney Playground South
"40.74707680900466, -73.74587850545768",Spray Shower,Alley Park
"40.69016384193866, -73.97059663186529",Spray Shower,Albert J. Parham Playground
"40.690451070500799, -73.97061762023354",Pool,PS 20 Playground Mini Pool
"40.74339115035208, -73.8145564415642",Spray Shower,Captain Mario Fajardo Park
"40.746218945992865, -73.82121729669528",Spray Shower,Playground 146
"40.749892808724006, -73.82299300642069",Spray Shower,Silent Springs Playground
"40.728172576801754, -73.97973450293782",Spray Shower,Joseph C. Sauer Park
"40.72351779326718, -73.98963947110286",Spray Shower,First Park
"40.75003421270118, -73.72057997413194",Spray Shower,Castlewood Playground
"40.749814529453133, -73.720722145400018",Pool,PS 186 Playground Mini Pool
"40.80587558261441, -73.88881042987855",Spray Shower,Barretto Point Park Playground
"40.804149906408306, -73.888985966442803",Pool,Floating Pool
"40.756415905581477, -73.96528620249029",Pool,Constance Baker Motley Pool
"40.67130500086405, -73.91853429749631",Spray Shower,Prospect Plaza Park
"40.74167041315257, -73.99600352180185",Spray Shower,Chelsea Green
"40.841547179827955, -73.93806185473872",Spray Shower,Audubon Playground
"40.82833282098885, -73.85800801649215",Spray Shower,FDNY-EMT Yadira Arroyo Playground
"40.872332674434105, -73.88273018969247",Spray Shower,Mosholu Playground
"40.839146912999, -73.86647947393794",Spray Shower,Taylor Playground
"40.871732739106925, -73.90599450252815",Spray Shower,Riverbend Playground
"40.715006141053841, -73.960445581020451",Pool,Metropolitan Pool
"40.81569099031165, -73.92289396398192",Spray Shower,Patterson Playground
"40.82284303883934, -73.90732534119232",Spray Shower,Hilton White Playground
"40.60229730795956, -74.09020259223117",Spray Shower,Naples Playground
"40.71092735764776, -73.81052783692867",Spray Shower,Briarwood Playground
"40.684406391069295, -73.72884848293293",Spray Shower,Delphin H. Greene Playground
"40.86240665483341, -73.85818449530835",Spray Shower,Mazzei Playground
"40.72051696886958, -73.85964900946283",Spray Shower,The Painter's Playground
"40.71104028749019, -73.73880054556442",Spray Shower,Wayanda Park
"40.69162924879317, -73.85334905292308",Spray Shower,Equity Playground
"40.79554390865153, -73.96872860194514",Spray Shower,Happy Warrior Playground
"40.70890971415224, -73.93849734459577",Spray Shower,Ten Eyck Playground
"40.57357994428334, -73.99264670944706",Spray Shower,Surf Playground
"40.65618028194435, -73.90606370367918",Spray Shower,Osborn Playground
"40.59497085983522, -73.99313990890667",Spray Shower,Bath Playground
"40.67556852373914, -73.86278145093291",Spray Shower,Belmont Playground
"40.659019824289345, -73.87953590392424",Spray Shower,Jerome Playground
"40.697831299289874, -73.98286515841488",Spray Shower,Golconda Playground
"40.70473696636448, -73.88152029647141",Spray Shower,"""Uncle"" Vito F. Maranzano Glendale Playground"
"40.693144455392144, -73.79018598906396",Spray Shower,Jamaica Playground
"40.80519141049761, -73.92415639620536",Spray Shower,Pulaski Park
"40.67735484137192, -73.83542350496757",Spray Shower,Al Stabile Playground
"40.700900415281865, -73.94609574490927",Spray Shower,Bartlett Playground
"40.901977947493364, -73.8547621038097",Spray Shower,Wakefield Playground
"40.697054413625764, -73.81262759348358",Spray Shower,Jamaica Gateway Park
"40.6972700321091, -73.81216917365852",Spray Shower,Gateway Park
"40.820331161031454, -73.91824581872469",Spray Shower,Melrose Playground
"40.66086328340883, -73.907032174074",Spray Shower,Newport Playground
"40.78949985391201, -73.97213532392952",Spray Shower,St. Gregory's Playground
"40.813017604593057, -73.939421959733011",Pool,Hansborough Pool
"40.84455217384589, -73.89463549998581",Spray Shower,Tremont Plgd (2)
"40.846118332923595, -73.89382815567697",Spray Shower,Tremont Plgd (1)
"40.82100434439645, -73.91173319985181",Spray Shower,Flynn Playground
"40.832774458460236, -73.92420723863002",Spray Shower,Mullaly Park
"40.831789909564471, -73.92436334618219",Pool,Mullaly Wading Pool
"40.831870118416361, -73.9243317391972",Pool,Foster Pool
"40.8435349354523, -73.86587130429395",Spray Shower,Van Nest Park
"40.71253919221002, -73.98783047505104",Spray Shower,Little Flower Playground
"40.81004410496858, -73.94011420830353",Spray Shower,Courtney Callender Playground
"40.761395915074885, -73.99273557532148",Spray Shower,Mathews-Palmer Playground
"40.835906795750645, -73.90331146424155",Spray Shower,Gouverneur Playground
"40.838947454169471, -73.907302079667517",Pool,Claremont Wading Pool
"40.838955791663395, -73.907731984587343",Pool,Claremont Pool
"40.87778122239654, -73.90803890750247",Spray Shower,Marble Hill Playground
"40.73567672894999, -73.95900602005155",Spray Shower,Greenpoint Playground
"40.67205744307673, -73.9660295625442",Spray Shower,Mt Prospect Park Playground
"40.59489207244729, -73.74713280725011",Spray Shower,Beach 17 Playground
"40.592515343278855, -73.76203651109068",Spray Shower,Beach 30th Street Playground
"40.62668185773045, -74.01708461962528",Spray Shower,McKinley Park Playground
"40.89081320792597, -73.86420178478494",Spray Shower,227th Street Playground
"40.82715823436182, -73.87355223520468",Spray Shower,Parque De Los Ninos
"40.884003126872734, -73.86704269871262",Spray Shower,Olinville Playground
"40.846459720949618, -73.886207604485719",Pool,Mapes Pool
"40.846703124610038, -73.886262804588227",Pool,Mapes Wading Pool
"40.81521671506927, -73.88903938524213",Spray Shower,Julio Carballo Fields
"40.824840000444446, -73.89437491048132",Spray Shower,Tiffany Playground
"40.69006080757787, -73.94640344578411",Spray Shower,Herbert Von King Park
"40.719690344335824, -73.97688215070572",Spray Shower,Wald Playground
"40.71226804637977, -73.9973998309756",Spray Shower,Playground One
"40.81212728645357, -73.93685949758914",Spray Shower,Abraham Lincoln Playground
"40.812157729980932, -73.937166820006397",Pool,Abe Lincoln Mini Pool
"40.66749282765941, -73.80715997929447",Spray Shower,Police Officer Edward Byrne Park
"40.73151821793743, -73.99756761526142",Spray Shower,Washington Square Park
"40.59121926369845, -73.98084346927861",Spray Shower,Marlboro Playground
"40.81715574647384, -73.93923671753906",Spray Shower,Fred Samuel Playground
"40.63106435601818, -73.95666217929976",Spray Shower,Hot Spot Tot Lot
"40.73567315930694, -73.98215368092544",Spray Shower,Augustus St. Gaudens Playground
"40.69497581659849, -73.91852281399444",Spray Shower,Heckscher Playground
"40.84489008673198, -73.89885780281016",Spray Shower,Stop & Go Playground
"40.57753342750695, -73.94065301998288",Beach,Manhattan Beach Park Playground
"40.57719984367047, -73.9463629468804",Beach,Pat Parlato Plgd
"40.83010102558454, -73.88585423060168",Spray Shower,Daniel Boone Playground
"40.65586580953982, -74.00521108612357",Spray Shower,D'Emic Playground
"40.855781390344596, -73.89342285663055",Spray Shower,Washington Park
"40.81711516150557, -73.90482451821636",Spray Shower,Abigail Playground
"40.707932668118374, -74.00385259704355",Spray Shower,Pearl St Playground
"40.813624622963026, -73.9052809372921",Spray Shower,Fountain Of Youth Playground
"40.74213959188372, -73.82729582716016",Spray Shower,Turtle Playground
"40.82404397301279, -73.89086601698827",Spray Shower,Printers Park Playground
"40.825577397073594, -73.88753203934793",Spray Shower,Longfellow Playground
"40.74524163896343, -73.9739495249833",Spray Shower,St. Vartan Park
"40.81498815642341, -73.89847297515452",Spray Shower,Fox Park
"40.84567471440103, -73.92347005092351",Spray Shower,Sedgwick Playground
"40.717305588537364, -73.97682303473928",Spray Shower,Baruch Playground
"40.880689979356816, -73.91990919809287",Spray Shower,Paul's Playground
"40.83905238848679, -73.90373673976805",Spray Shower,Little Claremont Playground
"40.881891241268065, -73.89490717361261",Spray Shower,Fort Independence Playground
"40.575108751433255, -73.96514093139842",Spray Shower,Brighton Playground
"40.84531201034292, -73.90971152469528",Spray Shower,Morris Mesa
"40.56406196023867, -74.09747295749084",Beach,Corporal Allan F. Kivlehan Park
"40.768191289717386, -73.99428948745008",Spray Shower,De Witt Clinton Park
"40.84575144486404, -73.9040237125522",Spray Shower,Cleopatra Playground
"40.84672217699243, -73.91935746243206",Spray Shower,Half-Nelson Playground
"40.83127989506172, -73.91473314395895",Spray Shower,Mott Playground
"40.65116646353135, -73.96543429216493",Spray Shower,Detective Dillon Stewart Plgd
"40.72205116089189, -73.96061267842894",Spray Shower,Bushwick Inlet Park
"40.84590639972184, -73.94095273841698",Spray Shower,J Hood Wright Park Playground
"40.72979888172605, -74.0061524803277",Spray Shower,James J Walker Park
"40.729548109138449, -74.005820891193522",Pool,Tony Dapolito Diving Pool
"40.729643350496737, -74.005803602658162",Pool,Tony Dapolito Pool
"40.73925387400784, -73.76533876072492",Spray Shower,210 St Playground
"40.726941221349605, -73.77554842694653",Spray Shower,Redwood Playground
"40.71204164572232, -73.98436372971324",Spray Shower,Lillian D Wald Playground
"40.612590965121626, -74.012408631465",Spray Shower,Dyker Playground
"40.60673138626254, -74.01625379723896",Spray Shower,Bay 8 Playground
"40.614435853882675, -74.0290398826497",Spray Shower,John J Carty Park
"40.88648375718549, -73.91682787982052",Spray Shower,Seton Park Playground
"40.57310477959496, -74.0848467589686",Beach,Midland Beach Zone 5
"40.574318070959286, -74.0844131699601",Beach,Midland Beach Playground
"40.578258270153974, -74.07718086090809",Beach,Midland Beach Zone 4
"40.58884973186393, -74.06739487827682",Beach,Playland
"40.595394767025425, -74.08136110402779",Spray Shower,Old Town Playground
"40.595246894412995, -74.081630895572303",Pool,PS 46 Playground Mini Pool
"40.59758796831603, -74.07106558592143",Spray Shower,Arrochar Playground
"40.8261137302699, -73.88130272648938",Spray Shower,Watson Houses Playground
"40.66420938544146, -73.91192058418255",Spray Shower,Imagination Playground at Betsy Head
"40.663344055222908, -73.913053978108564",Pool,Betsy Head Pool
"40.68427948705326, -73.8850953208317",Spray Shower,Lower Highland Playground
"40.820928364395094, -73.93142071736384",Spray Shower,Mill Pond PLayground
"40.59393417111994, -73.98418125614495",Spray Shower,Scarangella Park
"40.71016024653696, -73.99518030628269",Spray Shower,Tanahey Playground
"40.68169853112861, -73.91322392468845",Spray Shower,Marion Hopkinson Playground
"40.752353128608995, -73.9649391017384",Spray Shower,MacArthur Playground
"40.740107349764735, -73.97791260164435",Spray Shower,Bellevue South Park
"40.59292516550383, -73.78539071759789",Spray Shower,Arverne Playground
"40.84918821373933, -73.90128559906302",Spray Shower,Richman (Echo) Park Lower
"40.8495935220175, -73.90198927777494",Spray Shower,Richman (Echo) Park Upper
"40.82719775723413, -73.9146979086921",Spray Shower,Arcilla Playground
"40.80257426147189, -73.93801582058836",Spray Shower,Dr. Ronald E. McNair Playground
"40.844051282052654, -73.92249291655551",Spray Shower,Plimpton Playground
"40.76286726308664, -73.99280432578777",Spray Shower,Hell's Kitchen Park
"40.725460810695814, -73.97545543181039",Spray Shower,Dry Dock Playground
"40.725543549318445, -73.975799303741425",Pool,Dry Dock Wading Pool
"40.725385336811676, -73.975669862046644",Pool,Dry Dock Pool
"40.78871750809039, -73.97201361051991",Spray Shower,Playground Eighty Nine LXXXIX
"40.8539982059275, -73.91654591509827",Spray Shower,Beanstalk Playground
"40.85512223573286, -73.91738859057473",Spray Shower,Cedar Playground
"40.84387045485459, -73.91717021203337",Spray Shower,Goble Playground
"40.841958790009, -73.92367047239382",Spray Shower,Ogden Plimpton Playground
"40.69245508409824, -73.93025435797247",Spray Shower,Lafayette Playground
"40.587812373155735, -73.99056793800855",Spray Shower,Calvert Vaux Park Playground
"40.571971116093586, -73.9922552083113",Spray Shower,Poseidon Playground
"40.80953983594949, -73.91720316347129",Spray Shower,People's Park
"40.84414128815096, -73.88150727348992",Spray Shower,Vidalia Park
"40.641119716899048, -74.135610745563355",Pool,Faber Pool
"40.75758568527823, -73.87864846627936",Spray Shower,Playground Ninety
"40.67393850073413, -73.7568320856392",Spray Shower,Montbellier Park
"40.67421491390336, -73.77522766402124",Spray Shower,Rochdale Park Playground
"40.685843342186, -73.76981441097507",Spray Shower,Roy Wilkins Park Playground
"40.687357868963865, -73.769607836698256",Pool,Roy Wilkins Pool
"40.673862958090815, -73.76906546862324",Spray Shower,South Rochdale Playground
"40.68011719253767, -73.77498199861222",Spray Shower,North Rochdale Playground
"40.685893457215364, -73.75599987615833",Spray Shower,Locust Manor Playground
"40.693492527753364, -73.77798734949054",Spray Shower,174 St Playground
"40.6903725234182, -73.83952615046589",Spray Shower,Maurice A FitzGerald Playground
"40.72980818990515, -73.83502018395606",Spray Shower,Triassic Playground
"40.73519614488491, -73.84366020051876",Spray Shower,Jurassic Playground
"40.74695922909471, -73.8434350525623",Spray Shower,Reflecting Pool Lawns
"40.72265166953363, -73.82692273056077",Spray Shower,Albert H. Mauro Playground
"40.74868612527023, -73.83367720843707",Spray Shower,Lawrence Playground
"40.737521484536174, -73.84590168935051",Spray Shower,World's Fair Playground
"40.751875453284562, -73.837408870592427",Pool,Flushing Meadows Corona Park Pool
"40.83913314863196, -73.92608872659765",Spray Shower,Merriam Plgd (Lower)
"40.84052423105305, -73.92689829300174",Spray Shower,Merriam Plgd (Upper)
"40.844088986337574, -73.78507818791428",Spray Shower,Ambrosini Field
"40.68408743516869, -73.78608839637756",Spray Shower,157 St Playground
"40.67770420213692, -73.78245223660893",Spray Shower,Lakeview Lane Playground
"40.672534318161084, -73.78748985389026",Spray Shower,Rockaway Blvd Playground
"40.66924489372042, -73.78827436542323",Spray Shower,Baisley Park South
"40.67480060950985, -73.78915445765097",Spray Shower,Sutphin Playground
"40.68010095045216, -73.9273992222524",Spray Shower,Jackie Robinson Park Playground
"40.652333214738306, -74.00818635665297",Spray Shower,Gonzalo Plasencia Playground
"40.64944523510783, -74.01222062520462",Spray Shower,Pena Herrera Playground
"40.81942259254842, -73.89824964682431",Spray Shower,Dawson Playground
"40.72997643073604, -73.96036153931662",Spray Shower,WNYC Transmitter Park
"40.719702638265126, -73.98076555397473",Spray Shower,Hamilton Fish Park
"40.71997801049428, -73.980954819904284",Pool,Hamilton Fish Wading Pool
"40.719507130737732, -73.980283204264111",Pool,Hamilton Fish Pool
"40.72600853311118, -73.72871578512492",Spray Shower,Breininger Park
"40.64241044830714, -73.99461218030395",Spray Shower,Brizzi Playground
"40.589155565573414, -73.92028300361004",Spray Shower,Seba Playground
"40.596764394387414, -73.92864685014055",Spray Shower,Dr John's Playground
"40.607471490886915, -73.93842282548736",Spray Shower,PS 278 Playground
"40.60641961141902, -73.92655841500071",Spray Shower,Lenape Playground
"40.583773848590695, -73.93137691197288",Spray Shower,Lew Fidler Park
"40.5968147923193, -73.92795719488727",Spray Shower,Dr John's Plgd
"40.82538988891582, -73.93472838424137",Spray Shower,Harlem Lane Playground
"40.6731060297417, -74.00368403425804",Spray Shower,Red Hook Recreation Area
"40.672689859219687, -74.00452186829267",Pool,Red Hook Pool
"40.673058856678175, -74.003614011147363",Pool,Red Hook Wading Pool
"40.5781964380472, -73.99535283290598",Spray Shower,Leon S Kaiser Playground
"40.760702440916084, -73.9113449115974",Spray Shower,Astoria Heights Playground
"40.68329574605225, -73.9051120672473",Spray Shower,Rudd Playground
"40.62281601776783, -74.07904454593772",Spray Shower,Rev. Dr. Maggie Howard Playground
"40.623247448432316, -74.07965083758995",Spray Shower,Stapleton Playground
"40.622624032028746, -74.079910991966941",Pool,PS 14 Playground Mini Pool
"40.78451679761019, -73.96839543004602",Spray Shower,Spector Plgd
"40.790417719668575, -73.9543948404099",Spray Shower,Bendheim Plgd
"40.789788827418086, -73.9654660824173",Spray Shower,Wild West Plgd
"40.7884418780629, -73.96644117732158",Spray Shower,Safari Plgd
"40.79184849246642, -73.96398798920787",Spray Shower,Rudin Plgd
"40.77208701995512, -73.96781954635138",Spray Shower,East 72nd St Plgd
"40.77581806397701, -73.96517306668002",Spray Shower,James Michael Levin Plgd
"40.78771434545952, -73.95661888956784",Spray Shower,East 96th St Plgd
"40.797587379760934, -73.95172472624208",Spray Shower,110th St & Lenox Ave Plgd
"40.78400295333711, -73.96968200798676",Spray Shower,Mariner's Gate Plgd
"40.78225894714344, -73.97095717981769",Spray Shower,Diana Ross Plgd
"40.77761349948409, -73.96398701280575",Spray Shower,Pat Hoffman Friedman Plgd
"40.795771061119225, -73.95036614362878",Spray Shower,Bernard Plgd
"40.79374838852335, -73.96261870468605",Spray Shower,West 100th St Plgd
"40.76945758723623, -73.96982953666274",Spray Shower,Billy Johnson Plgd
"40.76863789528071, -73.97744681173228",Spray Shower,Heckscher Plgd
"40.796032384441666, -73.954971522549002",Pool,Gottesman Pool
"40.79700000424099, -73.97496747325916",Spray Shower,Dinosaur Plgd
"40.78704747677767, -73.98220498829754",Spray Shower,River Run Plgd
"40.80175743965779, -73.97095004711657",Spray Shower,Tot Lot One Hundred Five
"40.7834157777825, -73.98639656437061",Spray Shower,Classic Plgd
"40.81517026740237, -73.96213450909222",Spray Shower,Claremont
"40.79304935764092, -73.97821549470517",Spray Shower,Hippo Plgd
"40.783375944291166, -73.98488750601895",Spray Shower,Neufeld Plgd
"40.57490024879502, -74.098808665886",Spray Shower,Midland Playground
"40.757099108764194, -73.94704265799936",Spray Shower,Vernon Playground
"40.64770834579786, -74.00447334235884",Spray Shower,Sunset Park Playground
"40.646789171329218, -74.002627162358323",Pool,Sunset Park Pool
"40.732219420424094, -73.86510228470173",Spray Shower,Lost Battalion Hall Recreation Center
"40.84954827021538, -73.91237490267844",Spray Shower,Davidson Park
"40.6987973729018, -73.84776888761",Spray Shower,Giovanelli Playground
"40.701017449229674, -73.84339984833974",Spray Shower,Jackson Pond Playground
"40.702633289847796, -73.86767710548466",Spray Shower,Dry Harbor Playground
"40.695680700764534, -73.86512458267273",Spray Shower,Mary Whalen Playground
"40.70143628710614, -73.85608190225247",Spray Shower,Greenhouse Playground
"40.70962436365085, -73.83577468115038",Spray Shower,Sobelsohn Park
"40.85847009550227, -73.92577901480963",Spray Shower,Ft George Plgd
"40.8607946184418, -73.92453444518044",Spray Shower,Dyckman Rest
"40.83653496664703, -73.93663445711616",Spray Shower,Adventure Playground
"40.84188872487477, -73.93393901615035",Spray Shower,CPF Playground
"40.85274693205536, -73.92701495307854",Spray Shower,Wallenberg Plgd
"40.84724641594648, -73.93104830663634",Spray Shower,Quisqueya Plgd
"40.836347919667844, -73.93669027270236",Spray Shower,Adventure Plgd
"40.842814226227212, -73.933424831377963",Pool,Highbridge Pool
"40.842851873143125, -73.933537264028246",Pool,Highbridge Wading Pool
"40.771734782187174, -73.93447828104938",Spray Shower,Hallets Cove Playground (area A)
"40.83445718176033, -73.88191428505316",Spray Shower,Starlight Park Playground
"40.824696553624065, -73.93543933877",Spray Shower,Frederick Johnson Playground
"40.60630679133027, -73.81912696139538",Spray Shower,Gene Gray Playground
"40.618535525191895, -74.1060495286094",Spray Shower,Clove Lakes Park Plgd
"40.58020033796482, -73.82745206996543",Spray Shower,Sandpiper Playground
"40.58632861419374, -73.8019431469028",Spray Shower,Rockaway Beach Playground
"40.58236732530996, -73.81967759746865",Spray Shower,Beach 98th Street Playground
"40.72605555762103, -73.84789528906593",Spray Shower,Yelowstone Park
"40.748378073906572, -74.002111241955689",Pool,Chelsea Pool
"40.72440606673134, -73.98569175093837",Spray Shower,McKinley Playground
"40.83502880576497, -73.92670789903451",Spray Shower,Nelson Playground
"40.6586230495669, -73.9631293579872",Spray Shower,Imagination Plgd
"40.660866282664045, -73.96343225349442",Spray Shower,Lincoln Rd Plgd
"40.65503097908935, -73.97291634544295",Spray Shower,Vanderbilt Playground
"40.66712390953755, -73.97285499987565",Spray Shower,Third St Plgd
"40.663569299715974, -73.97676373308758",Spray Shower,Harmony Playground
"40.68521732099169, -73.72675423348124",Spray Shower,Laurelton Parkway West Playground
"40.667686856016154, -73.8904276968655",Spray Shower,Martin Luther King Jr. Playground
"40.74663080013982, -74.00430319011586",Spray Shower,Clement Clarke Moore Park
"40.73650624288465, -74.00565345533032",Spray Shower,Bleecker Playground
"40.669990976564776, -73.83918748696262",Spray Shower,Centreville Playground
"40.73542132617957, -73.85787358583502",Spray Shower,Real Good Playground
"40.70978557123366, -73.91780639626779",Spray Shower,Starr Playground
"40.82028470344353, -73.95195192007904",Spray Shower,Jacob H. Schiff Playground
"40.787238688466275, -73.94720552408045",Spray Shower,Cherry Tree Park
"40.773954347738425, -73.98711160362829",Spray Shower,Samuel N. Bennerson 2nd Playground
"40.64095208183654, -73.91741522757015",Spray Shower,Curtis Playground
"40.67576327763017, -73.99754018908219",Spray Shower,St. Mary's Park
"40.656745522972244, -73.86951506134241",Spray Shower,Berriman Playground
"40.618596805106655, -73.92710497592267",Spray Shower,Power Playground
"40.58888237372369, -73.94000594489393",Spray Shower,Sheepshead Playground
"40.736136557929775, -73.86957020284629",Spray Shower,Newtown Playground
"40.59801599025222, -73.9467817513374",Spray Shower,Galapo Playground
"40.667330129433694, -73.90758060402055",Spray Shower,Dr. Green Playground
"40.68465245661397, -73.99032449016092",Spray Shower,Boerum Park
"40.73629258044604, -73.85217410667615",Spray Shower,Playground Sixty Two LXII
"40.78370312575306, -73.79657527661271",Spray Shower,Willets Point Playground
"40.73292166679895, -73.71778169114731",Spray Shower,Bellerose Playground
"40.77568834530736, -73.81724367696319",Spray Shower,Leonardo Ingravallo Playground
"40.75726268088014, -73.77101268555563",Spray Shower,Marie Curie Playground
"40.75694594527009, -73.771607419438467",Pool,Marie Curie Park Mini Pool
"40.73600728534611, -73.77702680105784",Spray Shower,Farm Playground
"40.78128826931985, -73.84451627563183",Spray Shower,Poppenhusen Playground
"40.77826130116489, -73.79798916470006",Spray Shower,Playground Twenty One
"40.725195733185764, -73.94349214463836",Spray Shower,Monsignor Mcgolrick Playground
"40.59142828310698, -73.9455261823556",Spray Shower,Bill Brown Playground
"40.66269761624795, -73.89977006093048",Spray Shower,Lion's Pride Playground
"40.67699838765147, -74.00874641979978",Spray Shower,Coffey Park Playground
"40.81306920803241, -73.96207854690927",Spray Shower,Sakura Park
"40.83434856210145, -73.87776458244036",Spray Shower,Playground 174
"40.83445132015207, -73.87795918091355",Spray Shower,Captain William Harry Thompson Playground
"40.834163407830594, -73.877834371732618",Pool,Thompson Mini Pool
"40.78080814797391, -73.95024487898529",Spray Shower,Ruppert Park
"40.83885373126422, -73.85292693040046",Spray Shower,Castle Hill Playground
"40.90204093973479, -73.90496065929105",Spray Shower,Vinmont Veteran Park
"40.610837230394345, -73.74944355114961",Spray Shower,Redfern Playground
"40.60248075841224, -74.01146547350169",Spray Shower,Bath Beach Park
"40.76553174875022, -73.94126003825238",Spray Shower,Rainey Park Playground
"40.53212322826947, -74.1978157827859",Spray Shower,Woodhull Playground
"40.666404369032314, -73.92794498758661",Spray Shower,Lincoln Terrace Park / Arthur S. Somers Playground
"40.677114411102295, -73.91939083769151",Spray Shower,Weeksville Playground
"40.814136559758374, -73.88597051944393",Spray Shower,Hunts Point Playground
"40.75818532409386, -73.82486572098252",Spray Shower,Bowne Playground
"40.70586858392012, -73.87529505937911",Spray Shower,Pinocchio Playground
"40.73626951354418, -73.81386396219416",Spray Shower,Pomonok Playground
"40.791951183131516, -73.80815230444806",Spray Shower,Whitestone Playground
"40.67526975793097, -73.91403165731239",Spray Shower,Hilltop Playground
"40.72864158212618, -73.95782094047816",Spray Shower,American Playground
"40.754179985578645, -73.88936635145583",Spray Shower,Travers Park
"40.72229328837875, -73.8369232365568",Spray Shower,Willow Lake Playground
"40.82213405930082, -73.85987165253125",Spray Shower,Space Time Playground
"40.822986653904444, -73.91357938133832",Spray Shower,Yolanda García Park
"40.800208225299734, -73.95038949761654",Spray Shower,"Martin Luther King, Jr. Playground"
"40.700886275418235, -73.98559473320044",Spray Shower,Susan Smith McKinney Steward Park
"40.85325397563299, -73.9379337546694",Spray Shower,Bennett Park
"40.64462777581053, -73.89328422233831",Spray Shower,P.S. 279 Playground
"40.74243024539233, -73.98726987878118",Spray Shower,Madison Square Park
"40.72758662037964, -73.99623838403843",Spray Shower,Mercer Playground
"40.88803617813019, -73.90525055091868",Spray Shower,MacLaughlin Playground
"40.6634910040271, -73.95004645344113",Spray Shower,Marc And Jason's Playground
"40.60727712247339, -73.75079814666526",Spray Shower,Nameoke Park
"40.742692646999714, -73.74139279896642",Spray Shower,Wild Flower Meadow Playground
"40.75872018680614, -73.75382868569996",Spray Shower,Horatio Playground
"40.69656109749807, -73.98605125013391",Spray Shower,McLaughlin Park
"40.7065040146495, -73.77458410385415",Spray Shower,Peters Field
"40.721773087632954, -73.9860249276998",Spray Shower,ABC Playground
"40.837883040250844, -73.83090983364345",Spray Shower,Bufano Park
"40.61751043162045, -74.04003019160815",Spray Shower,Vinland Playground
"40.63152589327656, -74.03946824535244",Spray Shower,79 St Plgd
"40.631599788358386, -74.0395042066159",Spray Shower,79 St Playground
"40.61745123061278, -74.04001947541599",Spray Shower,Vinland Plgd
"40.68354674070127, -73.97263699461217",Spray Shower,South Oxford Park
"40.62960776775331, -74.11525422721324",Spray Shower,Austin J. McDonald Playground
"40.77935824388199, -73.92204440971442",Spray Shower,Charybdis Playground
"40.779354285278835, -73.922462185022496",Pool,Astoria Pool
"40.85139360193346, -73.868768153521",Spray Shower,Brady Plgd
"40.8729142326374, -73.8710407774668",Spray Shower,Rosewood Playground
"40.869926390443894, -73.87626148111812",Spray Shower,French Charley Plgd
"40.854467233291174, -73.87012422791462",Spray Shower,Ben Abrams Playground
"40.86062007534593, -73.87138138087391",Spray Shower,Waring Playground
"40.860489831941635, -73.87145330242687",Spray Shower,Waring Plgd
"40.84307311009611, -73.87735227169175",Spray Shower,River Park
"40.572383496640725, -73.98345387169738",Beach,Coney Island Beach Zone 5b
"40.87798406593305, -73.88272819677935",Spray Shower,Kossuth Playground
"40.8778109447341, -73.88263727290469",Spray Shower,Kossuth Plgd
"40.86952431632539, -73.92222822094479",Spray Shower,Emerson Playground
"40.867194401352336, -73.92872960000003",Spray Shower,Payson Playground
"40.871730626307034, -73.91989166242998",Spray Shower,Indian Road Playground
"40.81515880594382, -73.90168772942519",Spray Shower,Playground 52 LII
"40.81529705994678, -73.90137634627344",Spray Shower,Al Quiñones Playground
"40.59911824600928, -73.76685509489975",Spray Shower,Bayswater Playground
"40.594317495370845, -73.74938185931616",Beach,Roackaway Beach Zone 01B
"40.630933443245475, -74.01213010839322",Spray Shower,Leif Ericson Park Playground
"40.736004540213791, -73.975377043082787",Pool,Asser Levy Wading Pool
"40.736219742874496, -73.9757472394557",Pool,Asser Levy Pool
"40.656359225775525, -73.902796310724156",Pool,Brownsville Pool
"40.85597610017402, -73.88668760860448",Spray Shower,Ciccarone Park
"40.678359753394446, -73.90531416915717",Spray Shower,Callahan-Kelly Playground
"40.78406191848181, -73.9259581151982",Spray Shower,Scylla Playground
"40.68453822246908, -73.77014927645044",Spray Shower,Nautilus Playground
"40.67467515540194, -73.94000979568386",Spray Shower,St. Mark's Playground
"40.74147747385349, -73.77646276454007",Spray Shower,Holy Cow Playground
